{
  "foreground_intensity_properties_per_channel": {
    "0": {
      "max": 1929.0,
      "mean": 74.0639877319336,
      "median": 77.98674774169922,
      "min": -406.9988098144531,
      "percentile_00_5": -56.0,
      "percentile_99_5": 179.99807739257812,
      "std": 44.35909652709961
    }
  },
  "median_relative_size_after_cropping": 1.0,
  "shapes_after_crop": [
    [106, 116, 161],
    [45, 77, 140],
    [95, 116, 175],
    [116, 95, 154],
    [46, 216, 283],
    [104, 130, 206],
    [96, 125, 205],
    [106, 82, 129],
    [127, 106, 154],
    [46, 85, 127],
    [42, 108, 162],
    [52, 101, 124],
    [50, 82, 163],
    [61, 251, 309],
    [102, 144, 167],
    [43, 94, 140],
    [50, 109, 181],
    [98, 169, 191],
    [93, 91, 129],
    [55, 77, 128],
    [105, 111, 180],
    [80, 144, 170],
    [100, 149, 150],
    [43, 210, 359],
    [95, 114, 148],
    [124, 96, 200],
    [99, 119, 197],
    [119, 166, 166],
    [172, 185, 292],
    [160, 96, 156],
    [134, 133, 183],
    [52, 270, 336],
    [47, 108, 224],
    [101, 258, 459],
    [123, 124, 196],
    [58, 146, 116],
    [125, 97, 185],
    [108, 130, 191],
    [49, 95, 187],
    [45, 140, 200],
    [109, 126, 178],
    [42, 130, 169],
    [47, 113, 148],
    [55, 264, 370],
    [97, 88, 180],
    [112, 117, 190],
    [112, 120, 233],
    [105, 130, 183],
    [142, 146, 180],
    [44, 84, 175],
    [30, 131, 266],
    [54, 115, 178],
    [41, 158, 167],
    [92, 115, 152],
    [52, 119, 179],
    [109, 124, 204],
    [115, 89, 156],
    [81, 160, 243],
    [49, 120, 171],
    [41, 272, 394],
    [91, 95, 226],
    [103, 109, 159],
    [40, 116, 155],
    [49, 203, 248],
    [114, 127, 178],
    [58, 132, 170],
    [227, 129, 178],
    [97, 111, 155],
    [102, 88, 164],
    [58, 133, 180],
    [42, 209, 238],
    [47, 119, 176],
    [102, 152, 141],
    [79, 133, 138],
    [60, 117, 145],
    [234, 96, 171],
    [244, 142, 187],
    [59, 103, 208],
    [93, 120, 190],
    [42, 120, 173],
    [29, 139, 165],
    [100, 95, 189],
    [54, 114, 196],
    [109, 123, 172],
    [151, 105, 167],
    [223, 147, 196],
    [103, 123, 168],
    [188, 117, 190],
    [56, 116, 169],
    [37, 83, 168],
    [39, 100, 186],
    [55, 103, 215],
    [117, 115, 194],
    [59, 132, 179],
    [36, 101, 173],
    [103, 118, 192],
    [64, 107, 166],
    [80, 128, 167],
    [51, 136, 178],
    [49, 151, 186],
    [106, 161, 239],
    [53, 125, 213],
    [109, 163, 205],
    [105, 116, 203],
    [48, 109, 209],
    [55, 116, 207],
    [99, 95, 203],
    [65, 137, 189],
    [132, 125, 195],
    [46, 89, 139],
    [61, 114, 179],
    [58, 114, 185],
    [34, 75, 175],
    [60, 160, 222],
    [61, 90, 160],
    [37, 118, 181],
    [100, 103, 173],
    [68, 137, 148],
    [70, 130, 178],
    [131, 109, 128],
    [50, 114, 170],
    [61, 137, 194],
    [35, 138, 201],
    [83, 166, 248],
    [89, 72, 155],
    [71, 103, 192],
    [39, 153, 189],
    [120, 120, 223],
    [48, 121, 203],
    [64, 98, 150],
    [111, 109, 169],
    [124, 161, 224],
    [48, 110, 153],
    [52, 114, 207],
    [110, 68, 156],
    [89, 157, 174],
    [57, 136, 216],
    [57, 136, 194],
    [48, 109, 165],
    [53, 128, 222],
    [38, 136, 210],
    [101, 106, 196],
    [35, 138, 176],
    [97, 121, 159],
    [114, 102, 232],
    [34, 121, 190],
    [55, 88, 146],
    [43, 91, 151],
    [53, 140, 170],
    [72, 100, 184],
    [63, 89, 160],
    [49, 152, 261],
    [99, 98, 175],
    [62, 109, 158],
    [57, 116, 203],
    [47, 85, 144],
    [112, 121, 201],
    [47, 97, 184],
    [34, 128, 181],
    [57, 112, 209],
    [121, 149, 129],
    [122, 129, 177],
    [98, 120, 135],
    [79, 103, 129],
    [62, 188, 194],
    [95, 137, 199],
    [45, 87, 126],
    [50, 140, 225],
    [62, 144, 205],
    [63, 136, 224],
    [98, 86, 202],
    [103, 132, 171],
    [126, 108, 173],
    [52, 108, 181],
    [62, 124, 159],
    [86, 92, 164],
    [69, 89, 157],
    [38, 119, 208],
    [48, 90, 176],
    [111, 158, 184],
    [48, 91, 187],
    [61, 117, 194],
    [57, 86, 175],
    [34, 149, 184],
    [96, 89, 162],
    [47, 108, 168],
    [36, 90, 154],
    [49, 140, 217],
    [39, 110, 192],
    [67, 123, 150],
    [61, 132, 175],
    [98, 121, 190],
    [98, 142, 180],
    [85, 142, 218],
    [159, 117, 190],
    [81, 143, 190],
    [49, 109, 161],
    [42, 87, 118],
    [78, 80, 93],
    [161, 161, 241],
    [63, 85, 142],
    [56, 140, 190],
    [70, 158, 167],
    [45, 157, 155],
    [66, 141, 162],
    [80, 122, 187],
    [48, 119, 163],
    [50, 114, 151],
    [110, 113, 190],
    [50, 104, 147],
    [54, 132, 171],
    [62, 110, 185],
    [50, 100, 155],
    [152, 127, 174],
    [50, 124, 201],
    [92, 111, 206],
    [62, 119, 250],
    [48, 108, 169],
    [81, 126, 194],
    [85, 130, 189],
    [87, 124, 179],
    [60, 99, 173],
    [111, 157, 263],
    [49, 102, 167],
    [48, 166, 213],
    [96, 113, 165],
    [86, 92, 198],
    [117, 131, 162],
    [48, 108, 167],
    [133, 126, 192],
    [52, 119, 220],
    [66, 97, 188],
    [29, 120, 147],
    [49, 130, 166],
    [55, 134, 176],
    [76, 115, 160],
    [48, 95, 153],
    [79, 124, 174],
    [218, 215, 221],
    [98, 109, 173],
    [62, 135, 199],
    [56, 102, 201],
    [53, 106, 167],
    [117, 149, 204],
    [45, 142, 210],
    [67, 107, 147],
    [178, 111, 155],
    [159, 119, 196],
    [37, 96, 154],
    [94, 106, 189],
    [45, 120, 137],
    [83, 137, 204],
    [63, 114, 145],
    [128, 125, 195],
    [40, 89, 149],
    [79, 150, 162],
    [71, 102, 165],
    [52, 127, 206],
    [68, 143, 176],
    [79, 153, 245],
    [151, 154, 206],
    [106, 136, 200],
    [46, 125, 171],
    [71, 138, 195],
    [45, 122, 188],
    [61, 127, 139],
    [59, 108, 127],
    [73, 97, 161],
    [60, 112, 186],
    [43, 87, 166],
    [49, 96, 208],
    [71, 104, 179],
    [74, 116, 221],
    [53, 88, 178],
    [129, 111, 135],
    [66, 106, 163],
    [103, 119, 220],
    [76, 134, 221],
    [50, 117, 176],
    [47, 86, 127],
    [98, 90, 209],
    [78, 82, 135],
    [87, 156, 237],
    [21, 112, 134],
    [50, 151, 176],
    [57, 141, 196],
    [106, 149, 207],
    [52, 117, 171]
  ],